G.Id,Grievance Description,Department,Line Department,Service Name,Grievance Name,Grievance SubCategory1,Grievance SubCategory2,Service Type,District,Taluk,GP/Village/Hobli,Created Date,Status,Days Left Before Escalation,Days Pending Beyond Deadline,Officer Role,Pending with / Closed By,Grievance Source,Call Center call recording link
242839,CITIZEN APPLIED FOR INCOME AND CASTE CERTIFICATE RD1218990036405  HE APPLIED DATE-11/5/2025 BUT STILL HE NOT GET CERTIFICATE HE VISITED CONCERENED DEPARTMENT BUT NOT SOLVE THE ISSUE ,Revenue Department,Revenue Department(AJSK Services), Caste and Income Certficate,Facing issues pertaining to Caste & Income certificate,Did not receive the certificate from the authority after application is approved,,Sakala,BELAGAVI,SAVADATTI,ASUNDI / Shingarkop,26/05/2025 02:31 PM,Resolved (Feedback Taken),,,LMF,Case Worker - Saundatti,iPGRS-Call Center ,
242324,"The citizen states that on April 25, 2025, he submitted an application for a family three certificate, with application number RD1218209058502. as he has yet to receive the family three certificate and it is still In the process.Please resolve this issue as per the citizen's request.",Revenue Department,Revenue Department(AJSK Services), Attestation of Family Tree Certificate,Facing issues pertaining to Attestation of Family Tree,Did not receive the certificate from the authority after application is approved,,Sakala,BENGALURU URBAN,Bengaluru South,,23/05/2025 10:31 AM,InProcess,15.0,,L2,Deputy Tahsildar - Kengeri,iPGRS-Call Center ,https://drive.google.com/file/d/19bJNuQUpG4ioG0x5aL0fO_gEnfkWcz1D/view?usp=sharing
242251,"CITIZEN SAYS THAT HE HAD APPLIED APPLICATION FOR TATKAL PODI ON 28TH APRIL 2025 AND APPLICATION NO:27020425217339, BUT STILL APPLICATION NOT YET PROCESSED, AS PER CITIZEN REQUEST KINDLY DO NEEDFUL
",Revenue Department,Revenue department ( Land related  Issues ),KHATHA,Issues related to KHATHA,Issues related to application processing,Khatha change document related issues,Non Sakala,CHAMARAJANAGARA,Chamarajanagar,,22/05/2025 04:17 PM,Closed by Officer,,,LMF,Tahsildar-Grade 1-Chamarajanagar,iPGRS-Call Center ,https://drive.google.com/file/d/15pizygM3pSFw4mkRHKvOY4dBfGjLqoZV/view?usp=sharing
242242," CITIZEN SAYS THAT HE HAD APPLIED APPLICATION FOR PHYSICALLY HANDICAPPED PENSION ON 24-08-2013 AND THE APPLICATION NUMBER: RD0039184011840, BUT HE DID NOT RECEIVE THE PENSION AMOUNT FROM 2013. SO AS PER CITIZEN REQUEST KINDLY DO NEEDFUL.",Revenue Department,Directorate of Social Security and Pensions,Pension for disabled persons,Issues related to Angavikalara Masashana Yojane / Physically Handicapped Pension Scheme,Issues related to Pension amount,pension Amount not received,Sakala,YADGIR,Yadgir,HONAGERI / Hongera,22/05/2025 04:04 PM,Closed by Officer,,,LMF,Tahsildar-Grade 1-Yadgir,iPGRS-Call Center ,
241627,CITIZEN SAYS THAT IBRAHIM SAB LAL SAB KAMDHEN HAS APPLIED FOR HADDU BASTU SURVEY SCHEME AS ON 28/04/2025 FOR HIS SURVEY NUMBER 1392/BA AND HIS APPLICATION NUMBER IS 09030425219410 BUT TILL NOW OFFICER DID NOT SURVEY HIS LAND AND HE DID NOT GOT RESPONSE . PLEASE KINDLY TAKE ACTION.,Revenue Department,"Survey, Settlement and Land Records",Haddu Bastu Survey Scheme,Issues Related to Haddu Bastu Survey ,Measurement not done,,Sakala,DHARWAD,Hubballi,BYAHATTI / Byahatti,19/05/2025 05:06 PM,Resolved (Feedback Taken),,,LMF,ADLR  (Taluk)_Hubballi,iPGRS-Call Center ,
241626,CITIZEN SAYS THAT MAKTUM SAB PEER SAB ANNIGIR HAS APPLIED FOR HADDU BASTU SURVEY SCHEME AS ON 28/04/2025 FOR HIS SURVEY NUMBER 1392/2 AND HIS APPLICATION NUMBER IS 09030425219175 BUT TILL NOW OFFICER DID NOT SURVEY HIS LAND AND HE DID NOT GOT RESPONSE . PLEASE KINDLY TAKE ACTION.,Revenue Department,"Survey, Settlement and Land Records",Haddu Bastu Survey Scheme,Issues Related to Haddu Bastu Survey ,Measurement not done,,Sakala,DHARWAD,Hubballi,BYAHATTI / Byahatti,19/05/2025 05:06 PM,Resolved (Feedback Taken),,,LMF,ADLR  (Taluk)_Hubballi,iPGRS-Call Center ,https://drive.google.com/file/d/1tX-h9bq6lXmd9dmSRAzhF6ql9r4eVW6G/view?usp=sharing
240911,"Citizen reports that he had applied for the EC application on the date of 16-04-2025 and application number is TMPEC-250400302569, till date he did not received the EC and officer making delay even he visited many times. Please do the needful. ",Revenue Department,Department of Stamps and Registration,Encumbrance Certificate and Certified Copies (Computer),Issues related to Encumbrance Certificate and Certified Copies (Computer),Issues related to application processing,Delay in Giving EC/CC,Non Sakala,MYSURU,Nanjangud,,15/05/2025 05:51 PM,InProcess,5.0,,L2,District Registrar-Mysore,iPGRS-Call Center ,https://drive.google.com/file/d/11TVfbbSYpECNUd_bfbMScwR2LVw9-WcI/view?usp=sharing
240890,CITIZEN SAYS THAT THEY HAVE BEEN RECEIVING HANDICAP PENSION FROM PAST 2009 BUT AMOUNT STOPPED SUDDENLY WITHOUT VALID REASON FOR PAST 10 MONTHS. UDID NUMBER:525415584975 ORDER COPY NUMBER:PHP2/090134697/2021 BENIFISRY ID :020031170400013761 THEY COMPLAINED TO CONCERN DEPARTMENT BUT THERE WAS NO RESPONSE. PLEASE DO THE NEEDFUL ,Revenue Department,Directorate of Social Security and Pensions,Pension for disabled persons,Issues related to Angavikalara Masashana Yojane / Physically Handicapped Pension Scheme,Issues related to Pension amount,pension Amount not received,Sakala,BENGALURU URBAN,Bengaluru South,,15/05/2025 03:15 PM,Closed by Officer,,,LMF,Tahsildar-Grade 1-Bengaluru South,iPGRS-Call Center ,
240766,CITIZEN SAYS THAT HE IS ABLE TO APPLY FOR EC THROUGH CAUVERY WEBSITE AS HE IS UNABLE TO GET PARTICULAR FORM NO 15 BUT HE IS GETTING FORM NO 16 EVEN THOUGH THERE IS A TRANSACTION HAS BEEN HAPPENED AND PHYSICAL EC IS AVAILANBLE PROVIDED BY SUB REGISTER OFFICER INDRANAGAR /DOMLUR . PLEASE KINDLY TAKE ACTION .,Revenue Department,Department of Stamps and Registration,Encumbrance Certificate and Certified Copies (Computer),Issues related to  submission of application,Issues related to online submission of application,Portal not working,Non Sakala,BENGALURU URBAN,Bengaluru East,,15/05/2025 12:47 PM,Resolved (Feedback Taken),,,LMF,Sub-Registrar-BENGALURU EAST,iPGRS-Call Center ,https://drive.google.com/file/d/178qN8W2gBjxnFDtIiViMZs4AAPAV5ovs/view?usp=sharing
240729,"CITIZEN SAYS THAT HE HAD APPLIED APPLICATION FOR SPECIAL MARRIAGE CERTIFICATE ON 12TH MARCH 2025 AND APPLICATION NO :MRG12032025050622, BUT STILL THEY HAVE NOT RECEIVED THE MARRIAGE CERTIFICATE AS PER CITIZEN REQUEST KINDLY DO NEEDFUL
",Revenue Department,Department of Stamps and Registration,Registration of Marriage,Issues related to Special  Marriage certificate,Issues related to application processing,Delay in Giving  Marriage Certificate,Non Sakala,HASSAN,Arkalgud,,15/05/2025 11:23 AM,Closed by Officer,,,LMF,Sub-Registrar-ARAKALAGUDU,iPGRS-Call Center ,https://drive.google.com/file/d/1WE-JVKbguBuqh0fK9ljRHnqSoJDBVQ4R/view?usp=sharing
240721,"The citizen states that they submitted an application for Haddu Bastu Survey Scheme on June 06, 2024, using Two application numbers one is  ""30060624955748""having survey number 133/*/1 (Beneficiary Name : Ramkrishna ) and another one is ""30060624955802"" with survey number 133/*/2 (Beneficiary Name:Ravichandra ).  they have not yet benefited from that scheme and till today measurement has not been done.The concerned department has been visited by the citizen regarding this matter, but no resolution has been obtained. Please take the necessary action. 
",Revenue Department,"Survey, Settlement and Land Records",Haddu Bastu Survey Scheme,Issues Related to Haddu Bastu Survey ,Measurement not done,,Sakala,YADGIR,HUNASAGI,MUDANOOR K / Mudnoor (K),15/05/2025 09:49 AM,Resolved (Feedback Taken),,,LMF,ADLR  (Taluk)-Hunasagi,iPGRS-Call Center ,https://drive.google.com/file/d/1k8Roypigw7c4FanDNBG4-Y8tX9xaMaNB/view?usp=sharing
240677,CITIZEN SAYS THAT THERE IS A NEED FOR CORRECTION OF RTC FOR THEIR SURVEY NUMBER 29 AS THEY HAVE MENTIONED WRONGLY AS HULLU IN CROP NAME BUT IT SHOULD BE CORRECTED AS ADUKE AS THEIR CROP NAME IN ONLINE THIS IS A COMMON PROBLEM THEY ARE FACING IN THEIR VILLAGE AS MANY OF THE RTC HAS BEEN WRONGLY UPDATED IN ONLINE . PLEASE KINDLY TAKE ACTION.,Revenue Department,Revenue department ( Land related  Issues ), RTC/Pahani,Issues Related to RTC/Pahani,Issues related to application processing,Issues related to correction of RTC as per law (Name/Survey Number) except Govt. Land,Non Sakala,UTTARA KANNADA,Siddapur,SOVINKOPPA / Ojagar,14/05/2025 05:55 PM,Resolved (Feedback Taken),,,LMF,Tahsildar-Grade 1-Siddapur,iPGRS-Call Center ,https://drive.google.com/file/d/1-ElLRr5PdlZnqUDRgRx98_bzQKNvNVA9/view?usp=sharing
240675,"The citizen states that they submitted an application for Encumbrance Certificate on May 02, 2025, using EC Number ""ECC-02052025-947384"". but till today citizen did not receive his EC Certificate and belongs to  MAHADEVAPURA SRO OFFICE.The concerned department has been visited by the citizen regarding this matter, but no resolution has been obtained. Please take the necessary action. 
",Revenue Department,Department of Stamps and Registration,Encumbrance Certificate and Certified Copies (Computer),Issues related to Encumbrance Certificate and Certified Copies (Computer),Issues related to application processing,Delay in Giving EC/CC,Non Sakala,BENGALURU URBAN,Bengaluru East,,14/05/2025 05:28 PM,Resolved (Feedback Taken),,,LMF,Sub-Registrar-BENGALURU EAST,iPGRS-Call Center ,https://drive.google.com/file/d/1XXsxl6DNocVU_gqS5pUxSxMWtvES5rhv/view?usp=sharing
240650,"CITIZEN SAYS THAT HE HAD APPLIED FOR TATKAL PODI ON 24-01-2023 AND THE APPLICATION NO :17060123200134, BUT STILL APPLICATION NOT YET PROCESSED AND MEASUREMENT IS NOT DONE. REGARDING THIS HE HAD VISITED TO CONCERNED DEPARTMENT BUT THERE IS NO PROPER RESPONSE FROM THEM .SO AS PER CITIZEN REQUEST KINDLY DO NEEDFUL.",Revenue Department,"Survey, Settlement and Land Records",Tatkal podi,Issues Related to Tatkal podi ,Measurement not done,,Sakala,CHIKKAMAGALURU,Chikkamagaluru,MELINA HULUVATTHI / Kolagave,14/05/2025 02:53 PM,Resolved (Feedback Taken),,,LMF,ADLR  (Taluk)-Chikkamagaluru,iPGRS-Call Center ,https://drive.google.com/file/d/1Pl1oujns_NMaUb2T1e3uAD0s9lTepuBR/view?usp=sharing
240491,CITIZEN SAYS THAT HE DID NOT RECEIVE PHYSICAL HANDICAPPED PENSION AMOUNT SINCE TWO MONTH FOR THE MONTH OF APRIL AND MAY 2025 AND HIS PENSION ID IS RD0038314181969 AND HE HAS CLOSED PREVIOUS BANK OF BARODA AND HE HAS SEEDED NEW BANK PUNJAB NATIONAL BANK AND DONE NPCI MAPPING . PLEASE KINDLY TAKE ACTION.,Revenue Department,Directorate of Social Security and Pensions,Pension for disabled persons,Issues related to Angavikalara Masashana Yojane / Physically Handicapped Pension Scheme,Issues related to Pension amount,pension Amount not received,Sakala,BIDAR,CHITAGUPPA,ITGA / Rampur,13/05/2025 12:14 PM,InProcess,23.0,,LMF,Tahsildar-Grade 1-CHITAGUPPA,iPGRS-Call Center ,https://drive.google.com/file/d/1llw-lXLncvv4H6N7FvxRttUsxlNZYvrL/view?usp=sharing
240457,CITIZEN SAYS THAT HE HAD APPLIED FOR MARRIAGE CERTIFICATE ON THE DATE OF 14-01-2025 WITH  APPLICATION NUMBER MRG-13012025-0421108 .BUT HE HAS NOT RECEIVED THE CERTIFICATE YET . REGARDING THIS MATTER HE HAD ALSO VISITED THE DEPARTMENT BUT THERE WAS NO RESOLUTION GIVEN. SO AS PER CITIZENS REQUEST KINDLY RESOLVE THIS ISSUE.,Revenue Department,Department of Stamps and Registration,Registration of Marriage,Issues related to Hindu Marriage  certificate,Issues related to application processing,Delay in Giving  Marriage Certificate,Non Sakala,MANDYA,Maddur,NIDAGHATTA / Danakanadoddi,13/05/2025 10:51 AM,InProcess,,2.0,L3,Deputy Inspector General of Registration-Karnataka,iPGRS-Call Center ,https://drive.google.com/file/d/10dsYrSTdE2HRAlYGUKSzaWmaRw9QfC8_/view?usp=sharing
239972,"CITIZEN SAYS THAT THEY HAD APPLIED APPLICATION FOR FAMILY TREE ON 16TH APRIL AND APPLICATION NO : RD1218346011852 ,BUT OFFICER REJECTING THE APPLICATION WITHOUT UNFAIR REASON , AS PER CITIZEN REQUEST KINDLY DO NEEDFUL",Revenue Department,Revenue Department(AJSK Services), Attestation of Family Tree Certificate,Facing issues pertaining to Attestation of Family Tree,Application rejected on unfair grounds,,Sakala,BENGALURU RURAL,Dodda Ballapur,,09/05/2025 02:24 PM,InProcess,5.0,,L2,Deputy Tahsildar - Tubagere,iPGRS-Call Center ,
239842,"The citizen claims that a microfinance company called Bell star Small Finance, located at vijayapura, has a loan of 50000 and that they have already paid 25000 because the company's representatives visited the customer's home and harassed them to make the EMI payment. They claim to be in a medical emergency, but they are refusing to accept their request.
",Revenue Department,Revenue department ( Land related  Issues ),Dispute Cases,Issues related to Dispute Cases,Issues related to application processing,Dispute Cases Unresolved,Non Sakala,VIJAYAPURA,Basavana Bagevadi,,08/05/2025 01:00 PM,Closed by Officer,,,LMF,Tahsildar-Grade 1-Basavana Bagevadi,iPGRS-Call Center ,https://drive.google.com/file/d/1mswYdAll7MQc2rymsAvYsc7YnYOJF8gL/view?usp=sharing
239790,"The client states that he applied for the Haddu Bastu Survey Scheme on April 16, 2025, with application number 09030425148550. He submitted all necessary paperwork to the department, but as of right now, no measurement has been completed. As a result, the client visited the relevant department, but they did not provide the appropriate response, as requested by the client.",Revenue Department,"Survey, Settlement and Land Records",Haddu Bastu Survey Scheme,Issues Related to Haddu Bastu Survey ,Measurement not done,,Sakala,DHARWAD,Hubballi,BYAHATTI / Byahatti,08/05/2025 10:29 AM,Resolved (Feedback Taken),,,L3,RJDLR-3-BELAGAVI,iPGRS-Call Center ,https://drive.google.com/file/d/1-Zn-swYDZPgZS2xP-arC3r2isqHr1jtQ/view?usp=sharing
239673,CITIZEN SAYS THAT HE HAS GIVEN APPLICATION FOR FAMILY TREE CERTIFICATE IN GABBUR NADAKACHERI OFFICE AS ON 6 MAY 2024 AND HIS APPLICATION NUMBER IS RD1218352027732 BUT THE OFFICER IS NOT FORWARDING HIS APPLICATION . PLEASE KINDLY TAKE ACTION.,Revenue Department,Revenue Department(AJSK Services), Attestation of Family Tree Certificate,General,Facing issues related to processing of application,,Sakala,RAICHUR,Devadurga,HEMANAL / Apprahal,07/05/2025 12:15 PM,Resolved (Feedback Taken),,,LMF,Case Worker - Deodurga,iPGRS-Call Center ,https://drive.google.com/file/d/1t8i4XBz_rEy-AbA--eRP3u0vYF10c8zu/view?usp=sharing
239557,CITIZEN SAYS THAT HIS FATHER SIDDAPPA HAS APPLIED FOR CROP LOAN UNDER REVENUE DEPARTMENT AS ON 25/04/2025 AND HIS APPLICATION NUMBER RD0038755349571 BUT HIS APPLICATION HAS BEEN REJECTED BY THE OFFICER REPLYING THAT HE SHOULD RE APPLY AFTER 15 DAYS BUT HE REQUEST THE OFFICER TO APPROVE HIS PROVIDED APPLICATION  . PLEASE KINDLY TAKE ACTION .,Revenue Department,Revenue department ( Land related  Issues ),Crop loan waiver scheme,Information related to scheme not available,Offline Issues,Concerned officer not providing the scheme related information,Non Sakala,KOPPAL,Kushtagi,CHALAGERA / Chalgera,06/05/2025 02:39 PM,Resolved (Feedback Taken),,,L2,Assistant Comissioner-Koppal,iPGRS-Call Center ,https://drive.google.com/file/d/1Ujri1qoBdCDWrtLNXwkH_PyFNL24Hg78/view?usp=sharing
239516,"CITIZEN SAYS THAT HE HAD APPLIED APPLICATION FOR TATKAL PODI ON 26TH MARCH 2024  AND THE  APPLICATION NO :23050324677858, BUT STILL APPLICATION NOT YET PROCESSED, REGARDING THIS HE HAD VISITED TO CONCERNED DEPARTMENT BUT NO PROPER RESPONSE FROM THEM AS PER CITIZEN REQUEST KINDLY DO NEEDFUL
",Revenue Department,"Survey, Settlement and Land Records",Tatkal podi,Issues related to Application Processing,,,Sakala,HASSAN,Alur,,06/05/2025 11:11 AM,Resolved (Feedback Taken),,,L3,RJDLR-3-MYSURU,iPGRS-Call Center ,https://drive.google.com/file/d/1Ujri1qoBdCDWrtLNXwkH_PyFNL24Hg78/view?usp=sharing
239495,"CITIZEN SAYS THAT HE HAD APPLIED FOR EC ON THE DATE 26TH APRIL 2025 AND THE APPLICATION NUMBER IS CCA-26042025-799472 HE HAD NOT YET RECEIVED THE EC COPY ,REGARDING THIS ISSUE HE VISITED TO CONCERN DEPARTMENT BUT DID NOT GET ANY RESOLUTION AS PER CITIZEN REQUEST KINDLY DO THE NEEDFUL .",Revenue Department,Department of Stamps and Registration,Encumbrance Certificate and Certified Copies (Computer),Issues related to Encumbrance Certificate and Certified Copies (Computer),Issues related to application processing,Certificate Not Received,Non Sakala,CHIKKAMAGALURU,Chikkamagaluru,,06/05/2025 09:51 AM,Resolved (Feedback Taken),,,L2,District Registrar-CHIKKAMAGALURU,iPGRS-Call Center ,https://drive.google.com/file/d/1RfrK1AS3q5rZoCCB_8KPsnUD0CWjXzJ3/view?usp=sharing
239127,"CITIZEN SAYS THAT HE HAD APPLIED APPLICATION FOR EC ON 16TH APRIL 2025 AND THE APPLICATION NO: TMPEC/250400302569 BUT STILL THEY HAVE NOT RECEIVED THE EC , AS PER CITIZEN REQUEST KINDLY DO NEEDFUL",Revenue Department,Department of Stamps and Registration,Encumbrance Certificate and Certified Copies (Computer),Issues related to Encumbrance Certificate and Certified Copies (Computer),Issues related to application processing,Delay in Giving EC/CC,Non Sakala,BENGALURU URBAN,Bengaluru South,,05/05/2025 12:30 PM,Resolved (Feedback Taken),,,L3,Deputy Inspector General of Registration-Karnataka,iPGRS-Call Center ,https://drive.google.com/file/d/1TdQ6PdjUCPgb-vXViE0potJCaBLm3a07/view?usp=sharing
238665,CITIZEN SAYS THAT HE HAS APPLIED FOR RE SURVEY OF 11E SKETCH FOR THE YEAR 2023 AND HIS APPLICATION NUMBER IS SSLR11025/722 AND HIS SURVEY NUMBER IS 59 AND HE ALSO GIVEN LETTER TO CM AND LETTER NUMBER IS 55042 AND HE HAS GIVEN APPLICATION IN JANASPANDANA KOSHA AND NUMBER IS CRSUE7622 IN 2017 AND HIS ISSUE IS HIS PART OF LAND IS TOTAL OF 2 ACRE BUT OFFICER HAS GIVEN THE MEASUREMENT AS 10 GUNTE AND OVERALL THEY HAVE MEASURED 6 ACRE 26 GUNTE HENCE THE MEASUREMENT HAS TO BE RE SURVEYED BY OFFICER AND CITIZEN REQUEST THAT THE ADLR OFFICER AND TAHSILDAR OFFICER SHOULD NOT GIVE PERMISSION FOR HADDU BASTU AND PODI UNTIL THIS IS RESURVEYED BY OFFICER. PLEASE KINDLY TAKE ACTION.,Revenue Department,"Survey, Settlement and Land Records",11e( Premutation sketch),Issues related to 11E Sketch ,Measurement not done,,Sakala,RAMANAGARA,Kanakapura,KOLLIGANAHALLI / Hulugondanahalli,03/05/2025 09:49 AM,Resolved (Feedback Taken),,,L2,DDLR-1-Ramanagara,iPGRS-Call Center ,
238483,"CITIZEN SAYS THAT THEY HAVE APPLIED FOR THE ABOVE SERVICES ON 18-06-2021, APPLICATION NUMBER: 29010621893327. APPLICATION NOT YET PROCESSED. THEY COMPLAINED TO THE CONCERN DEPARTMENT. BUT NO ANY RESPONSE PLEASE DO THE NEEDFUL ",Revenue Department,"Survey, Settlement and Land Records",Tatkal podi,Issues Related to Tatkal podi ,Measurement not done,,Sakala,RAMANAGARA,Magadi,,02/05/2025 11:53 AM,InProcess,2.0,,L2,DDLR-1-Ramanagara,iPGRS-Call Center ,
237923,"CITIZEN SAYS THAT HE DID NOT RECEIVE PHYSICAL HANDICAPPED PENSION AMOUNT SINCE 3 TO 4 MONTHS AND HIS PENSION ID IS RD5029286157633 AND HE REQUEST TO PROVIDE INFORMATION WHY HE DID NOT RECEIVE PENSION AMOUNT ALSO TO PROVIDE PENSION AMOUNT . PLEASE KINDLY TAKE ACTION.
",Revenue Department,Directorate of Social Security and Pensions,Pension for disabled persons,Issues related to Angavikalara Masashana Yojane / Physically Handicapped Pension Scheme,Issues related to Pension amount,delay in receiving Pension Amount,Sakala,BELAGAVI,BELAGAVI,,28/04/2025 12:05 PM,Resolved (Feedback Taken),,,LMF,Tahsildar-Grade 1-BELAGAVI,iPGRS-Call Center ,
237806,"The citizen states that they submitted an application for disable pension on March 29, 2025, using application number "" RD1218013021841"" and ""RD0038013038546"" ON 04-11-2017  they have not yet benefited from that plan.and application is rejected by concerned department without valid reason citizen has submitted all relevant documents.The concerned department has been visited by the citizen regarding this matter, but no resolution has been obtained. Please take the necessary action. 
",Revenue Department,Directorate of Social Security and Pensions,Pension for disabled persons,Issues related to Angavikalara Masashana Yojane / Physically Handicapped Pension Scheme,Issues related to Pension amount,pension Amount not received,Sakala,KALABURAGI,Aland,RUDRAWADI / Jamga Ruderwadi,27/04/2025 02:53 PM,Resolved (Feedback Taken),,,L3,Deputy Commissioner-Kalaburagi,iPGRS-Call Center ,
237629,"CITIZEN SAYS THAT HE HAD APPLIED FOR EC ON THE DATE 28TH MARCH 2025 AND THE APPLICATION NUMBER IS ECC-28032025-12169278 HE HAD NOT YET RECEIVED THE EC COPY ,REGARDING THIS ISSUE HE VISITED TO CONCERN DEPARTMENT BUT DID NOT GET ANY RESOLUTION AS PER CITIZEN REQUEST KINDLY DO THE NEEDFUL .",Revenue Department,Department of Stamps and Registration,Encumbrance Certificate and Certified Copies (Computer),Issues related to Encumbrance Certificate and Certified Copies (Computer),Issues related to application processing,Certificate Not Received,Non Sakala,SHIVAMOGGA,Shivamogga,,25/04/2025 05:36 PM,Resolved (Feedback Taken),,,LMF,Sub-Registrar-SHIVAMOGGA,iPGRS-Call Center ,
237319,"  CITIZEN SAYS THAT THEY TOOK LOAN FROM IDFC MICRO FINANCE FOR AMOUNT OF 1.7L AND PAID 30K TILL TODAY BUT COMPANY REPRESENTATIVES VISITED CITIZEN HOUSE AND HARASSED THEM TO PAY DUE EMI .so citizen has visited concerned department regarding this matter, but no resolution has been obtained. Please take the necessary action. 
",Revenue Department,Revenue department ( Land related  Issues ),Dispute Cases,Issues related to Dispute Cases,Issues related to application processing,Dispute Cases Unresolved,Non Sakala,VIJAYAPURA,Basavana Bagevadi,,24/04/2025 04:56 PM,Resolved (Feedback Taken),,,LMF,Tahsildar-Grade 1-Basavana Bagevadi,iPGRS-Call Center ,https://drive.google.com/file/d/1Uoq5jN7T6UMstvgd9E0ak0G72MTzcwOa/view?usp=sharing
237096,"CITIZEN SAYS THAT SHE HAD APPLIED FOR THE WIDOW PENSION WITH THE  APPLICATION NUMBER IS ""RD0038286011098"" SHE IS NOT RECEIVING THE AMOUNT FROM PAST 2 YEARS REGARDING THIS ISSUE SHE HAD VISITED THE CONCERN DEPARTMENT BUT THERE IS NO PROPER RESPONSE FROM THEM AS PER THE CITIZEN REQUEST KINDLY DO NEEDFUL.",Revenue Department,Directorate of Social Security and Pensions,Women-related schemes,Issues related to Vidhwa Pinchani Yojane /Destitute Widow Pensions Scheme,Issues related to Pension amount,delay in receiving Pension Amount,Sakala,BENGALURU URBAN,Bengaluru South,,23/04/2025 01:32 PM,InProcess,14.0,,L2,Assistant Comissioner_Bengaluru South,iPGRS-Call Center ,https://drive.google.com/file/d/1k7FQebnbFv-Ki61WCRPYPI1XWFK-rzGN/view?usp=sharing
237077,CITIZEN SAYS THAT HE HAS APPLIED FOR MARRIAGE CERTIFICATE THROUGH KAVERI PORTAL ONLINE AS ON 02/04/2024 AND HIS APPLICATION NUMBER IS MRG-10122024-0371942 BUT TILL NOW HIS APPLICATION DID NOT GOT PROCESSED AND HE DID NOT RECEIVED CERTIFICATE AND IF THERE IS ANY ISSUE PLEASE PROVIDE SOLUTION . PLEASE KINDLY TAKE ACTION.,Revenue Department,Department of Stamps and Registration,Registration of Marriage,Issues related to Hindu Marriage  certificate,Issues related to application processing,Delay in Giving  Marriage Certificate,Non Sakala,VIJAYAPURA,Indi,,23/04/2025 12:48 PM,Resolved (Feedback Taken),,,L3,Deputy Inspector General of Registration-Karnataka,iPGRS-Call Center ,
237064,CITIZEN SAYS THAT HE HAD APPLIED FOR SURVIVING FAMILY MEMBERS CERTIFICATE ON THE DATE 2-APRIL-2025 AND THE APPLICATION NUMBER IS RD1218187031505 HE HAD SUBMITTED ALL THE DOCUMENT TO THE DEPARTMENT BUT THERE IS NO PROPER RESPOND AND THE APPLICATION IS REJECTED FROM DEPARTMENT .AS PER CITIZEN REQUEST KINDLY DO THE NEEDFUL,Revenue Department,Revenue Department(AJSK Services),Surviving Family Members Certificate ,Facing issues pertaining to Surviving Family Members certificate,Application rejected on unfair grounds,,Sakala,BENGALURU URBAN,Bengaluru North,,23/04/2025 12:06 PM,InProcess,,18.0,L3,Tahsildar-Grade 1-Bengaluru North,iPGRS-Call Center ,
237059,CITIZEN SAYS THAT HE HAD APPLIED FOR SURVIVING FAMILY MEMBERS CERTIFICATE ON THE DATE 2-APRIL-2025 AND THE APPLICATION NUMBER IS RD1218187031500 HE HAD SUBMITTED ALL THE DOCUMENT TO THE DEPARTMENT BUT THERE IS NO PROPER RESPOND AND THE APPLICATION IS REJECTED FROM DEPARTMENT .AS PER CITIZEN REQUEST KINDLY DO THE NEEDFUL,Revenue Department,Revenue Department(AJSK Services),Surviving Family Members Certificate ,Facing issues pertaining to Surviving Family Members certificate,Application rejected on unfair grounds,,Sakala,BENGALURU URBAN,Bengaluru North,,23/04/2025 12:03 PM,InProcess,,18.0,L3,Tahsildar-Grade 1-Bengaluru North,iPGRS-Call Center ,https://drive.google.com/file/d/1k7FQebnbFv-Ki61WCRPYPI1XWFK-rzGN/view?usp=sharing
236951,"CITIZEN SAYS THAT HE HAD APPLIED APPLICATION FOR BONAFIED CERTIFICATE ON 21ST APRIL 2025 AND THE APPLICATION NO :RD1218353053611 , BUT OFFICER REJECTING THE APPLICATION WITHOUT ANY UPDATE, CITIZEN SAYS THAT APPLICATION GOT REJECTED 7 TIMES WITHOUT ANY VALID REASON ,AS PER CITIZEN REQUEST KINDLY DO NEEDFUL",Revenue Department,Revenue Department(AJSK Services), Bonafide Certificate ,Facing issues pertaining to Bonafide certificate,Application rejected on unfair grounds,,Sakala,RAICHUR,Devadurga,,23/04/2025 09:34 AM,Resolved (Feedback Taken),,,LMF,Case Worker - Deodurga,iPGRS-Call Center ,
236499,"The citizen states that he has submitted an application for marriage certificate on April 9, 2025 application number MRG09042025/0013297. However, his application is not being processed, and he has not yet received the marriage certificate. Please take the necessary actions as per citizens request.
",Revenue Department,Department of Stamps and Registration,Registration of Marriage,Issues related to Hindu Marriage  certificate,Issues related to application processing,Delay in Giving  Marriage Certificate,Non Sakala,BENGALURU URBAN,Bengaluru North,,21/04/2025 05:00 PM,Resolved (Feedback Taken),,,L3,Deputy Inspector General of Registration-Karnataka,iPGRS-Call Center ,
236462,CITIZEN SAYS THAT HIS GRAND FATHER SIDDANAYAKA HAS APPLIED FOR KHATA AS ON 22/10/2024 FOR THE SURVEY NUMBER 112 AND HIS APPLICATION NUMBER IS 588871 AND HE HAS ALREADY HAS SAGUVALI CHEETI REQUEST TO PROVIDE KHATA THE TASILDAR OFFICER HAS REPLIED THAT THE APPLICATION HAS BEEN FORWARDED TO FOREST DEPARTMENT TO CHECK THAT THE LAND BELONG TO FOREST AREA OR NOT BUT TILL NOW HE DID NOT GOT ANY UPDATE FROM DEPARTMENT AND HE REQUEST TO PROCESS HIS APPLICATION AND PROVIDE KHATA . PLEASE KINDLY TAKE ACTION.,Revenue Department,Revenue department ( Land related  Issues ),KHATHA,Issues related to KHATHA,Issues related to application processing,Delay in processing of application,Non Sakala,CHAMARAJANAGARA,Gundlupet,PUTTANAPURA / Putthanapura,21/04/2025 03:48 PM,Resolved (Feedback Taken),,,LMF,Tahsildar-Grade 1-Gundlupet,iPGRS-Call Center ,https://drive.google.com/file/d/16W5T5kEhVpcB81Bg5YjFtOazioo_9vBW/view?usp=sharing
236177,"Citizen called to report that he had applied for the RTC Correction on the date of 09-12-2022 and application number is 1466834 but till date he did not get the service AC courted has order to make the service but thahasildar not giving the e sign for the service , the application has been pending with thahasildar, please do the needful. ",Revenue Department,Revenue department ( Land related  Issues ), RTC/Pahani,Issues Related to RTC/Pahani,Issues related to application processing,Delay in processing of application,Non Sakala,TUMAKURU,Sira,,19/04/2025 04:07 PM,Resolved (Feedback Taken),,,LMF,Tahsildar-Grade 1-Sira,iPGRS-Call Center ,https://drive.google.com/file/d/1Lq_FFCty8Dz8GDPjKzmb3VOHpaq4cPMj/view?usp=sharing
235871,"CITIZEN SAYS THAT HE HAD APPLIED APPLICATION FOR MARRIAGE CERTIFICATE ON 18TH FEBRUARY 2025 AND APPLICATION NO: MRG/18022025/0471964, BUT  STILL THEY HAVE NOT RECEIVED THE CERTIFICATE YET, AS PER CITIZEN REQUEST KINDLY DO NEEDFUL.
",Revenue Department,Department of Stamps and Registration,Registration of Marriage,Issues related to Hindu Marriage  certificate,Issues related to application processing,Delay in Giving  Marriage Certificate,Non Sakala,KOLAR,Mulbagal,,18/04/2025 12:37 PM,InProcess,1.0,,L3,Deputy Inspector General of Registration-Karnataka,iPGRS-Call Center ,https://drive.google.com/file/d/1VmOZZknCigLkEPhOwCvSIs2BwodPUGhh/view?usp=sharing
235763,"The citizen states that he applied for an encumbrance certificate on 08TH April, 2025, with application number ECC08042025272075, show that  is pending as allocated to FDA/SDA from SRO, but no certificate has been issued within working days. He requests that the officer take action to provide EC. Please take the necessary action.",Revenue Department,Department of Stamps and Registration,Encumbrance Certificate and Certified Copies (Computer),Issues related to Encumbrance Certificate and Certified Copies (Computer),Issues related to application processing,Delay in Giving EC/CC,Non Sakala,BELAGAVI,BELAGAVI,,17/04/2025 04:59 PM,Resolved (Feedback Taken),,,L2,District Registrar-BELAGAVI,iPGRS-Call Center ,https://drive.google.com/file/d/11DZAnqSAWySo8-eWgmINLJxarOuzr9gy/view?usp=sharing
235725,"CITIZEN SAYS THAT HE HAD APPLIED ON 16/5/2014 FOR TATKAL PODI DUE TO MEASUREMENT INCORRECTLY DONE IN RAMANAGARA TASILDHAR OFFICE (APPLICATION NUMBER: KOKOCRCI712021, CM OFFICE COMPLAINT NUMBER: 550422016, RTI NUMBER: 13851, RD NUMBER:RD267SSB2014, SURVEY NUMBER 59). AND 6 ACRES OF LAND WHICH IS MEASURED INCORRECTLY. REGARDING THIS ISSUE TILL NOW HE DID NOT GET PROPER RESPONSE FROM DEPARTMENT. KINDLY DO THE NEEDFUL.",Revenue Department,"Survey, Settlement and Land Records",Tatkal podi,Issues Related to Tatkal podi ,Measurement incorrectly done,,Sakala,RAMANAGARA,Kanakapura,KOLLIGANAHALLI / Hulugondanahalli,17/04/2025 01:58 PM,Resolved (Feedback Taken),,,L2,DDLR-1-Ramanagara,iPGRS-Call Center ,
235455,CITIZEN SAYS THAT HE APPLIED FOR ATTESTATION OF FAMILY TREE CERTIFICATE  ON THE DATE OF APRIL 7TH 2025 WITH APPLICATION NUMBER  RD1218086029378 . HE ALSO APPLIED FIRST ON MARCH 25TH 2025 WITH APPLICATION NUMBER RD1218086028920 .BUT HIS APPLICATIONS WERE REJECTED BASED ON UNFAIR GROUNDS. SO KINDLY RESOLVE THIS  ISSUE.,Revenue Department,Revenue Department(AJSK Services), Attestation of Family Tree Certificate,Facing issues pertaining to Attestation of Family Tree,Application rejected on unfair grounds,,Sakala,VIJAYAPURA,Basavana Bagevadi,INGALESHWAR / Ingaleshwar,16/04/2025 10:21 AM,Resolved (Feedback Taken),,,L3,Tahsildar-Grade 1-Basavana Bagevadi,iPGRS-Call Center ,https://drive.google.com/file/d/1zBspkK9MQUf-tCvjcj2nZlFa248b2gt7/view?usp=sharing
235370,"CITIZEN SAYS THAT HIS FATHER N MAREGOWDA HAS APPLIED FOR TATKAL PODI IN THE YEAR 2024 AND HIS APPLICATION NUMBER IS 29010724293273 AND SURVEY NUMBER IS 36/2 AND OFFICER HAS SPOT VISITED THE PLACE AND SURVEY MEASUREMENT HAS BEEN TAKEN BUT TILL NOW SINCE 8 MONTHS THEY DID NOT PROVIDE TATKAL PODI AND HE REQUEST TO PROVIDE TATKAL PODI . PLEASE KINDLY TAKE ACTION.
",Revenue Department,"Survey, Settlement and Land Records",Tatkal podi,Issues related to Application Processing,,,Sakala,RAMANAGARA,Magadi,MOTAGONDANAHALLLI / Malluru,15/04/2025 03:38 PM,Resolved (Feedback Taken),,,LMF,ADLR  (Taluk)-Magadi,iPGRS-Call Center ,
235367,"CITIZEN SAYS THAT HE HAD APPLIED APPLICATION FOR TATKAL PODI ON DECEMBER 15TH 2023 AND THE APPLICATION NO:20011223939049, BUT STILL APPLICATION NOT YET PROCESSED , REGARDING THIS HE HAD VISITED TO CONCERNED DEPARTMENT BUT NO PROPER RESPONSE FROM THEM AS PER CITIZEN REQUEST KINDLY DO NEEDFUL.
",Revenue Department,"Survey, Settlement and Land Records",Tatkal podi,Issues Related to Tatkal podi ,Measurement not done,,Sakala,BENGALURU URBAN,Bengaluru North,GOPALAPURA / Gopalapura,15/04/2025 03:28 PM,Registered & Sent for Scrutiny,44.0,,LMF,ADLR  (Taluk)-BENGALURU NORTH,iPGRS-Call Center ,
235127,"CITIZEN SAYS THAT SHE HAD APPLIED FOR MARRIAGE CERTIFICATE ON THE DATE OF 10/10/2024 AND APPLICATION NUMBER IS MRG-10102024-0296610, SHE SUBMITTED ALL THE RELEVANT DOCUMENTS TO THE DEPARTMENT AND SHE ALREADY DONE THE PAYMENT ALSO BUT TILL NOW SHE DID NOT RECEIVED THE MARRIAGE CERTIFICATE, DUE TO THIS ISSUE CITIZEN VISITED RESPECTIVE DEPARTMENT BUT THERE IS NO PROPER RESPONSE FROM THEM AS PER CITIZEN REQUEST KINDLY DO THE NEEDFUL",Revenue Department,Department of Stamps and Registration,Registration of Marriage,Issues related to Hindu Marriage  certificate,Issues related to application processing,Delay in Giving  Marriage Certificate,Non Sakala,CHIKKAMAGALURU,Tarikere,LINGADAHALLI / Lingadahalli,13/04/2025 04:33 PM,Resolved (Feedback Taken),,,L3,Deputy Inspector General of Registration-Karnataka,iPGRS-Call Center ,
235036,"The citizen called to report that he had applied for a family tree on December 30, 2024, with Acknowledge  number""RD0038348088580 ""  AND Residence certificate number is ""RD1218348009066"" The application was denied without any further information; they had visited the relevant department but received no appropriate response. Please take the necessary action.",Revenue Department,Revenue Department(AJSK Services), Attestation of Family Tree Certificate,Facing issues pertaining to Attestation of Family Tree,"Applied for certificate, received the RD number but the application is rejected",,Sakala,BENGALURU RURAL,Dodda Ballapur,CHANNADEVI AGRAHARA / Channadevi Agrahara,12/04/2025 03:20 PM,Resolved (Feedback Taken),,,L3,Tahsildar-Grade 1-Dodda Ballapur,iPGRS-Call Center ,https://drive.google.com/file/d/1f-qbc65n6tphxkTc8fCutbD68pqaVuhB/view?usp=sharing
234661,"CITIZEN SAYS THAT HE HAD TAKEN A LOAN OF AMOUNT 20,0000 FROM IDFC FINANCE SINCE THEY DELAYED TO PAY ONLY FOR 1 MONTH THEY ARE COMING NEAR HOME AND HARASSING THE FAMILY EVEN AFTER ASKING SOME TIME TO REPAY. SO BASED ON CITIZEN REQUEST PLEASE TAKE THE NECESSARY ACTION AND PROVIDE THE SOLUTION",Revenue Department,Revenue department ( Land related  Issues ),Dispute Cases,Issues related to Dispute Cases,Issues related to application processing,Dispute Cases Unresolved,Non Sakala,VIJAYAPURA,BABALESHWAR,NIDONI / Nidoni,09/04/2025 01:47 PM,Resolved (Feedback Taken),,,LMF,Tahsildar-Grade 1-BABALESHWAR,iPGRS-Call Center ,
234404,"CITIZEN SAYS THAT HE HAD APPLIED FOR THE 11E SKETCH ON THE DATE-21/01/2025 AND APPLICATION NUMBER-17050125500421(SURVEY NUMBER-64/*), BUT STILL THE MEASUREMENT HAS NOT BEEN DONE AND HE DID NOT RECEIVED THE CERTIFICATE FROM THE DEPARTMENT REGARDING THIS ISSUE HE VISITED THE CONCERN DEPARTMENT BUT THERE IS NO PROPER RESPONSE FROM THEM, AS PER CITIZEN REQUEST KINDLY DO NEEDFUL",Revenue Department,"Survey, Settlement and Land Records",11e( Pre Alienation  sketch),Issues related to Alienation Sketch ,Measurement not done,,Sakala,CHIKKAMAGALURU,Kadur,,08/04/2025 11:30 AM,Resolved (Feedback Taken),,,L2,DDLR-1-Chikkamagaluru,iPGRS-Call Center ,
234339,"Citizen states that he applied for a tatkal podi on January 23-2024, with application number 22010124330832 and survey number 23/2. He submitted all necessary documents to the department, but his application is still pending. Because of this problem, the citizen visited the relevant department, but they did not respond appropriately. As per the citizen's request, please take the necessary action.",Revenue Department,Revenue department ( Land related  Issues ), RTC/Pahani,Issues Related to RTC/Pahani,Issues related to application processing,Delay in processing of application,Non Sakala,MANDYA,Krishnarajpet,ALAMBADI KAVAL / Alambadi Kaval,07/04/2025 04:20 PM,Resolved (Feedback Taken),,,L3,Deputy Commissioner-Mandya,iPGRS-Call Center ,
234281,"CITIZEN SAYS THAT HE HAD APPLIED APPLICATION FOR TATKAL PODI ON MARCH 4TH 2025 AND THE APPLICATION NO: 10040325744285, BUT STILL MEASUREMENT NOT YET DONE FROM CONCERNED DEPARTMENT , REGARDING THIS ISSUE SHE HAD VISITED TO CONCERNED DEPARTMENT BUT NO PROPER RESPONSE FROM THEM AS PER CITIZEN REQUEST KINDLY DO NEEDFUL.
",Revenue Department,"Survey, Settlement and Land Records",Tatkal podi,Issues Related to Tatkal podi ,Measurement not done,,Sakala,UTTARA KANNADA,Yellapur,,07/04/2025 11:56 AM,Resolved (Feedback Taken),,,L3,RJDLR-3-BELAGAVI,iPGRS-Call Center ,
234114,CITIZEN SAYS THAT HE APPLIED FOR 11E SKETCH ON THE DATE OF 22/4/2024 AND APPLICATION NUMBER IS 22030424768114 .BUT HIS APPLICATION IS NOT PROCESSED YET.KINDLY RESOLVE THIS ISSUE AS PER CITIZENS REQUEST.,Revenue Department,"Survey, Settlement and Land Records",11e( Premutation sketch),Issues related to 11E Sketch ,Measurement not done,,Sakala,MANDYA,Pandavapura,CHINAKURALI / Chinakurali,05/04/2025 03:34 PM,Closed by Officer,,,LMF,ADLR  (Taluk)-Pandavapura,iPGRS-Call Center ,
234105,"CITIZEN CALLED TO INFORM THAT THEY have noticed a discrepancy in the ECC-04032025-11247663 for the property,WHICH THE searched using the following details: Village: Kuduregere Hobli: Dasanapura Hobli 1 Site No.: 152 Boundary Details: North: Site No. 153 East: Road West: Other Property South: Site No. 151 Area: [Hectare: -, Acre: -, Gunta: -, Cent: -]  have obtained both the certified copy and the view-only information from the online records. However, while the view-only information displays relevant entries, the certified copy issued by the sub-registrar does not contain any records. they had previously raised a grievance regarding a delay in processing our application. Could this be the reason for the missing entries in the certified copy",Revenue Department,Department of Stamps and Registration,Encumbrance Certificate and Certified Copies (Computer),Issues related to Encumbrance Certificate and Certified Copies (Computer),Issues related to application processing,Correction of EC/CC not done,Non Sakala,BENGALURU URBAN,Bengaluru North,DASANAPURA / Dasanapura,05/04/2025 02:30 PM,Resolved (Feedback Taken),,,L3,Deputy Inspector General of Registration-Karnataka,iPGRS-Call Center ,
233751,"The citizen states that she applied for old age pension in June 2018 with application number RD0038220090926. She received the last pension amount in November 2024, but has since stopped receiving it. In accordance with the citizen's request, kindly do what is necessary.
",Revenue Department,Directorate of Social Security and Pensions, Old-Age Schemes,Issues related to Sandhya Surakhsha Yojane (SSY) / State Old-Age Pension Scheme,Issues related to Pension amount,pension Amount not received,Sakala,DAKSHINA KANNADA,Bantval,,03/04/2025 05:41 PM,Resolved (Feedback Taken),,,LMF,Tahsildar-Grade 1-Bantval,iPGRS-Call Center ,
233653,CITIZEN SAYS THAT HE HAD APPLIED FOR CASTE AND INCOME CERTIFICATE IN THE MONTH OF 16/03/2025 AND THE APPLICATION NUMBER RD1218945081497 BUT APPLICATION HAS BEEN REJECTED REGARDING THIS CITIZEN ENQUIRER IN RESPECTED DEPARTMENT BUT THERE IS NO RESPONSE FROM  THEIR  KINDLY DO THE NEED FULLNESS,Revenue Department,Revenue Department(AJSK Services), Caste and Income Certficate,Facing issues pertaining to Caste & Income certificate,"Applied for certificate, received the RD number but the application is rejected",,Sakala,RAICHUR,Raichur,,03/04/2025 12:22 PM,Resolved (Feedback Taken),,,L3,Tahsildar-Grade 1-Raichur,iPGRS-Call Center ,
233611,"The citizen states that on May 25, 2022, he submitted an application for Indhira Gandhi Old Age Pension; his application number is RD0038209308090. However, he hasn't received his pension amount for the last five months. Because of this, the citizen visited the relevant department, but they didn't respond appropriately to his request. Please take the necessary action.",Revenue Department,Directorate of Social Security and Pensions, Old-Age Schemes,Issues related to Indira Gandhi Rashtriya Vriddhapaya Yojane/Indira Gandhi National Old Age Pension Scheme,Issues related to Pension amount,pension Amount not received,Sakala,BENGALURU URBAN,Bengaluru South,,03/04/2025 10:48 AM,Resolved (Feedback Taken),,,L3,Deputy Commissioner-Bengaluru (U),iPGRS-Call Center ,
233460,CITIZEN SAYS  THAT HE HAD APPLIED FOR SURVIVING FAMILY MEMBERS CERTIFICATE ON THE DATE 4/3/2025  AND THE APPLICATION NUMBER IS RD1218187030566 HE HAD SUBMITTED ALL THE DOCUMENT TO THE DEPARTMENT BUT THERE IS NO PROPER RESPOND AND THE APPLICATION IS REJECTED FROM DEPARTMENT .AS PER CITIZEN REQUEST  KINDLY DO THE NEEDFUL,Revenue Department,Revenue Department(AJSK Services),Surviving Family Members Certificate ,Facing issues pertaining to Surviving Family Members certificate,Application rejected on unfair grounds,,Sakala,BENGALURU URBAN,Bengaluru North,,02/04/2025 12:22 PM,InProcess,,43.0,L3,Tahsildar-Grade 1-Bengaluru North,iPGRS-Call Center ,
232574,"CITIZEN SAYS THAT HE HAD APPLIED APPLICATION FOR PHYSICALLY HANDICAPPED PENSION ON 19TH FEBRUARY 2024, AND THE APPLICATION NUMBER: RD1219085020960, BUT THE OFFICER REJECTING THE APPLICATION WITHOUT ANY REASON AFTER PROVIDING VALID DOCUMENTS, AS PER CITIZEN REQUEST KINDLY DO NEEDFUL ",Revenue Department,Revenue Department(AJSK Services), Physically Handicapped Pension,Rejection to pension scheme application after providing all necessary documents,Facing procedural issues to avail scheme benefits,,Non Sakala,TUMAKURU,Sira,,27/03/2025 10:51 AM,Resolved (Feedback Taken),,,LMF,Case Worker - Kallambella,iPGRS-Call Center ,
232569,"ಇಂದ ನಾಗರಾಜ್ s/o ಮುನಿತಿಮ್ಮರಾಯಪ್ಪ Yannanguru ಶಿಡ್ಲಘಟ್ಟ ತಾಲ್ಲೂಕ್ ಚಿಕ್ಕಬಳ್ಳಾಪುರ ಜಿಲ್ಲೆ 8970397327 ಮಾನ್ಯರೇ, ವಿಷಯ: ಕುಟುಂಬ ವಂಶವೃಕ್ಷದಲ್ಲಿ ಮಗಳ ಹೆಸರನ್ನು ಬಿಟ್ಟು ವಂಶವೃಕ್ಷವನ್ನು ಸಿದ್ದಪಡಿಸಿಕೊಂಡಿರುವ ಬಗ್ಗೆ . ಈ ಮೇಲ್ಕಂಡ ವಿಷಯಕ್ಕೆ ಸಂಬಂಧಿಸಿದಂತೆ ದೇವನಹಳ್ಳಿ ತಾಲೂಕು ಕಸಬಾ ಹೋಬಳಿಯ ಶೆಟ್ಟರಹಳ್ಳಿ ಗ್ರಾಮದ ಲೇಟ್ ಆಂಜಿನಪ್ಪ ಮಕ್ಕಳಾದ 1. ನಾಗರಾಜ್ 2. ಜಯರಾಮ್ 3 ನಾರಾಯಣಮ್ಮ 4. ರತ್ನಮ್ಮ 5. ಲಕ್ಷ್ಮಿದೇವಮ್ಮ 6. ರಾಮಾಂಜಿನಪ್ಪ 7 ರವಿ. ಈ ಮೇಲೆ ತಿಳಿಸಿರುವ ಹೆಸರುಗಳಲ್ಲಿ ರತ್ನಮ್ಮ s/o ಆಂಜಿನಪ್ಪ ಎಂಬುವವರ ಸಹ ಆಂಜಿನಪ್ಪ ಅವರ ವಾರಸುದಾರರಾಗಿರುತ್ತಾರೆ ಆದರೆ ಹೆಸರನ್ನು ವಂಶವೃಕ್ಷದಲ್ಲಿ ಬಿಟ್ಟು ವಂಶವೃಕ್ಷವನ್ನು ಮಾಡಿಸಿ ಸರ್ವೆ ನಂಬರ್ 3/1,115/1,121/1 ಗಳಲ್ಲಿ ವಿಭಾಗ ಸಂಖ್ಯೆ DNH-1-04285-2020,21 ವಿಭಾಗ ಮಾಡಿಕೊಂಡಿರುತ್ತಾರೆ ಇದರಲ್ಲೇ ಆಂಜಿನಪ್ಪ ಅವರ ಮಗಳಾದ ರತ್ನಮ್ಮ ಎಂಬವರಿಗೆ ಮೋಸವಾಗಿದ್ದು ವಂಶವೃಕ್ಷದಲ್ಲಿ ಹೆಸರನ್ನು ಬಿಟ್ಟು ವಿಭಾಗ ಮಾಡಿಕೊಂಡಿದ್ದು , ವಂಶವೃಕ್ಷವನ್ನು ಪರಿಶೀಲನೆ ",Revenue Department,Department of Stamps and Registration,Sale Deed,Issues Related to Sale Deed / Partition Deed / Gift Deed,,,Non Sakala,BENGALURU RURAL,Devanahalli,,27/03/2025 10:35 AM,Resolved (Feedback Taken),,,LMF,Sub-Registrar-Devanahalli,iPGRS-Call Center ,https://drive.google.com/file/d/1hAMDzADLNwwTtwv6KiTCJ4XVV47YxfhN/view?usp=sharing
232439,"CITIZEN SAYS THAT THEY HAD APPLIED FOR ABOVE MENTIONED SCHEME ON 25-01-2024, APPLICATION NUMBER:784705/24 SURVEY NUMBER 208/2T VASAHALLI APPLICATION NOT YET PROCESSED. THEY COMPLAINED TO CONCERN DEPARTMENT BUT NO RESPONSE. PLEASE DO THE NEEDFUL ",Revenue Department,Revenue department ( Land related  Issues ), RTC/Pahani,Issues Related to RTC/Pahani,Issues related to application processing,Delay in processing of application,Non Sakala,RAMANAGARA,HAROHALLI,,26/03/2025 01:52 PM,Resolved (Feedback Taken),,,LMF,Tahsildar-Grade 1-HAROHALLI,iPGRS-Call Center ,https://drive.google.com/file/d/1Lu5SEX1A7X0b3YBc682SZntM-0NTAFBZ/view?usp=sharing
232223,"The citizen states that they submitted an application for  land mutation on December 04, 2023, using application number ""BIG-1-04611-2023-24"" 
(BENEFICIARY NAME : YANKAPPA BHUDYAL)FOR SURVEY NUMBERS : 79 AND 13/3 AND 13/4 .  they have not yet benefited from that plan.The concerned department has been visited by the citizen regarding this matter, but no resolution has been obtained. Please take the necessary action. 

",Revenue Department,Revenue department ( Land related  Issues ),Land Mutation,Issues related to Land Mutation,Issues related to application processing,Issues related to Mutation Extract,Non Sakala,BAGALKOTE,Bilgi,ARAKERI / Arakeri,25/03/2025 01:41 PM,Resolved (Feedback Taken),,,LMF,Tahsildar-Grade 1-Bilgi,iPGRS-Call Center ,
232165,"Citizen reports that he had applied for the 11E sketch on the date of 13/02/2025 and application number is  24090225676734, till date application not processed still its in pending, he had contacted the concern department but no response and survey number is 82/3.  Please do the needful. ",Revenue Department,"Survey, Settlement and Land Records",11e( Premutation sketch),Issues related to 11E Sketch ,Measurement not done,,Sakala,DAKSHINA KANNADA,Ullala,,25/03/2025 10:28 AM,Resolved (Feedback Taken),,,L3,RJDLR-3-MYSURU,iPGRS-Call Center ,https://drive.google.com/file/d/1wC8ozwPMzkKH7J65j32u80PFy5OqqdIM/view?usp=sharing
232040,"Citizen reports that he had applied for Tatkal Podi application on the date of 27/01/2025 and application number 13060125540262 & 13060125540322. But till date application not processed still in a pending , please do the needful. This grievance has been previously registered ( grievance id 229030 & 231333 ) and officer provided information but citizen says survey sketch has been not provided or uploaded in portal",Revenue Department,"Survey, Settlement and Land Records",Tatkal podi,Issues related to Application Processing,,,Sakala,CHITRADURGA,Hiriyur,HARTHIKOTE / Harthikote,24/03/2025 01:23 PM,Resolved (Feedback Taken),,,LMF,ADLR  (Taluk)-Hiriyur,iPGRS-Call Center ,https://drive.google.com/file/d/1nCtlpA4tmfRuUJNGyrn6HO3H0L6C-DCn/view?usp=sharing
231800,"The citizen claims that on  12/2/2025, he applied for a cast certificate (EWS) with application number RD1218035016145. He submitted all necessary documentation to the department, but his application was denied without a valid reason. As a result, the citizen visited the relevant department, but they did not respond appropriately. As per the citizen's request, kindly take the necessary action.",Revenue Department,Revenue Department(AJSK Services),Income and Asset Certificate(EWS),Facing issues pertaining to Income and Asset Certificate (EWS),Application rejected on unfair grounds,,Sakala,HASSAN,Arkalgud,,22/03/2025 01:09 PM,Resolved (Feedback Taken),,,LMF,Case Worker - Mallipattana,iPGRS-Call Center ,
231774,"The citizen states that on March 17, 2025, he submitted an application for an encumbrance certificate using application number ECC-17032025-11763378.However, the certificate number, MYS-EC-A-379121-2024-25, is missing three entries. He also notified the relevant department about this, but it hasn't been fixed yet. Therefore, kindly resolve this issue as requested by the citizens.",Revenue Department,Department of Stamps and Registration,Encumbrance Certificate and Certified Copies (Computer),Issues related to Encumbrance Certificate and Certified Copies (Computer),Issues related to application processing,Correction of EC/CC not done,Non Sakala,BENGALURU URBAN,Bengaluru North,,22/03/2025 11:54 AM,Resolved (Feedback Taken),,,L3,Deputy Inspector General of Registration-Karnataka,iPGRS-Call Center ,https://drive.google.com/file/d/1HAoIbXvPVt2pNhHr7uEaDNtzh5eqGMed/view?usp=sharing
231761,"The citizen reports that she applied for the Indra Gandhi Old Age Pension on January 12, 2019, using application number RD0038230201573. The applicant, Basavaraj, states that she has not received the five-month pension amount since the application date. She enquired about this department but did not receive a response; therefore, please complete the necessary step",Revenue Department,Directorate of Social Security and Pensions, Old-Age Schemes,Issues related to Indira Gandhi Rashtriya Vriddhapaya Yojane/Indira Gandhi National Old Age Pension Scheme,Issues related to Pension amount,delay in receiving Pension Amount,Sakala,CHIKKABALLAPURA,Chikkaballapura,,22/03/2025 10:32 AM,Resolved (Feedback Taken),,,L2,Assistant Comissioner-Chikkaballapura,iPGRS-Call Center ,https://drive.google.com/file/d/1sfCoC3Fgbr9AO16lRbNBL30wDHLEYq9C/view?usp=sharing
231688,"Citizen reports that he had applied for the EC application on the date of 11-03-2025 and application number is ECC-11032025-4055906 and ECC -11032025-4055908 but application not yet processed .Due to this citizens are facing problem , still its in pending please do the needful.",Revenue Department,Department of Stamps and Registration,Encumbrance Certificate and Certified Copies (Computer),Issues related to Encumbrance Certificate and Certified Copies (Computer),Issues related to application processing,Delay in Giving EC/CC,Non Sakala,BELAGAVI,Bailahongala,,21/03/2025 05:34 PM,Resolved (Feedback Taken),,,LMF,Sub-Registrar-BYLAHONGALA,iPGRS-Call Center ,https://drive.google.com/file/d/11y0Y2CfIeyxldn5w6waVVOYYFLjhUmr0/view?usp=sharing
231333,"Citizen reports that he had applied for Tatkal Podi application on the date of 27/01/2025 and application number 13060125540322 & 13060125540262. But till date application not processed still in a pending , please do the needful.
please note : This grievance has been previously registered ( grievance id 230655 ) and officer provided information but citizen says survey sketch has been not provided or uploaded in portal issue survey number 222/8 and 222/10",Revenue Department,"Survey, Settlement and Land Records",Tatkal podi,Issues related to Application Processing,,,Sakala,CHITRADURGA,Hiriyur,HARTHIKOTE / Harthikote,20/03/2025 10:53 AM,Resolved (Feedback Taken),,,LMF,ADLR  (Taluk)-Hiriyur,iPGRS-Call Center ,https://drive.google.com/file/d/17coRAcr6Bh4teBq5TXFeZLnqwifvkwQP/view?usp=sharing
231272,"The citizen states that on March 2, 2025, he submitted an application for a Domicile certificate using application number RD1218115062777. However, the certificate contains inaccurate information, thus it should be valid from 2010 to 2025. Therefore, kindly resolve this issue as requested by the citizens.",Revenue Department,Revenue Department(AJSK Services),Domicile Certificate,Facing issues pertaining to Domicile Certificate,Application rejected on unfair grounds,,Sakala,BENGALURU URBAN,Bengaluru East,,19/03/2025 04:33 PM,Resolved (Feedback Taken),,,L2,Deputy Tahsildar - Panathuru,iPGRS-Call Center ,https://drive.google.com/file/d/1K1lRh9CckOlJHVq99FWAcHWnQ70Ar_-v/view?usp=sharing
231232,"Citizen reports that he had applied for the marriage certificate on the date of 8/12/2024 and application number is MRG-07122024-0367055. Citizen not yet received the payment option to make the payment for the service, he is not getting any response from the concern sub registered office, still application not processed. Please do the needful.
",Revenue Department,Department of Stamps and Registration,Registration of Marriage,Issues related to Hindu Marriage  certificate,Issues related to application processing,Delay in Giving  Marriage Certificate,Non Sakala,MYSURU,Mysuru,,19/03/2025 02:50 PM,Resolved (Feedback Taken),,,L2,District Registrar-Mysore,iPGRS-Call Center ,https://drive.google.com/file/d/10Hjx96ekr9FWrho7tWvM1eVvLlCJab5R/view?usp=sharing
231219,"CITIZEN SAYS THAT HE APPLIED FOR TATKAL PODI WITH APPLICATION NUMBER: 17040819693452 APPLIED ON 3/8/2019 BY PAYING RS.1200, BUT STILL THE APPLICATION IS NOT PROCESSED. CITIZEN ALSO VISITED THE CONCERNED DEPARTMENT BUT DIDN'T GET ANY PROPER RESPONSE. BASED ON CITIZEN REQUEST PLEASE TAKE THE NECESSARY ACTION AND PROVIDE THE SOLUTION",Revenue Department,Revenue department ( Land related  Issues ), RTC/Pahani,Issues Related to RTC/Pahani,Issues related to application processing,Delay in processing of application,Non Sakala,CHIKKAMAGALURU,Tarikere,,19/03/2025 02:05 PM,Resolved (Feedback Taken),,,LMF,Tahsildar-Grade 1-Tarikere,iPGRS-Call Center ,https://drive.google.com/file/d/1HR9pURLL33S2vs_0c-IXFt5dMovselFw/view?usp=sharing
231085,"The citizen states that they submitted an application for Family Tree on March 16, 2025, using application number "" RD1219304019808 ""(BENEFICIARY NAME  : BHAVYASHREE)  they have not yet benefited from that plan and application rejected once after RD number received So The concerned department has been visited by the citizen regarding this matter, but no resolution has been obtained. Please take the necessary action. 
",Revenue Department,Revenue Department(AJSK Services), Attestation of Family Tree Certificate,Facing issues pertaining to Attestation of Family Tree,"Applied for certificate, received the RD number but the application is rejected",,Sakala,BIDAR,HULSOOR,,18/03/2025 05:42 PM,Resolved (Feedback Taken),,,L2,Deputy Tahsildar - Hulsoor,iPGRS-Call Center ,
230833,"Citizen reports that he had applied for the marriage certificate on the date of 8/12/2024 and application number is MRG-07122024-0367055. Citizen not yet received the payment option to make the payment for the service, he is not getting any response from the concern sub registered office, still application not processed. Please do the needful.",Revenue Department,Department of Stamps and Registration,Registration of Marriage,Issues related to Hindu Marriage  certificate,Issues related to application processing,Delay in Giving  Marriage Certificate,Non Sakala,MYSURU,Mysuru,,17/03/2025 11:50 AM,Resolved (Feedback Taken),,,LMF,Sub-Registrar-MYSURU (NORTH),iPGRS-Call Center ,https://drive.google.com/file/d/1YobaOffZXJ2GAZQyVrYL2iKkdApwDuNx/view?usp=sharing
230737,"CITIZEN SAYS THAT HE HAS APPLIED FOR HANDICAPPED PENSION ON DATE 07/07/2017 AND THE APPLICATION NUMBER IS RD0038013038546. HE HAS NOT RECEIVED THE PENSION AMOUNT FROM THE DATE THAT HE HAD APPLIED FOR PENSION, REGARDING THIS HE VISITED TO CONCERN DEPARTMENT BUT DID NOT GET ANY RESOLUTION AS PER CITIZEN REQUEST KINDLY DO THE NEEDFUL.",Revenue Department,Directorate of Social Security and Pensions,Pension for disabled persons,Issues related to Angavikalara Masashana Yojane / Physically Handicapped Pension Scheme,Issues related to Pension amount,pension Amount not received,Sakala,KALABURAGI,Aland,RUDRAWADI / Jamga Ruderwadi,16/03/2025 02:24 PM,Resolved (Feedback Taken),,,LMF,Tahsildar-Grade 1-Aland,iPGRS-Call Center ,https://drive.google.com/file/d/1XGfrhdirEIOVR87LoYDsDxgxqMNF4L7J/view?usp=sharing
230655,"Citizen reports that he had applied for Tatkal Podi application on the date of 27/01/2025 and application number 13060125540322 & 13060125540262. But till date application not processed still in a pending , please do the needful.",Revenue Department,"Survey, Settlement and Land Records",Tatkal podi,Issues related to Application Processing,,,Sakala,CHITRADURGA,Hiriyur,,15/03/2025 04:14 PM,Resolved (Feedback Taken),,,LMF,ADLR  (Taluk)-Hiriyur,iPGRS-Call Center ,https://drive.google.com/file/d/11xR8f4bVCskajjCks09QgWxqZ-tPY3l-/view?usp=sharing
230375,"The citizen reports that on October 7, 2024, he applied for the Haddu Bastu Survey Scheme, with application number 08021024653305 . However, the measurement has not yet been completed and the survey has been delayed. The citizen is dealing with a serious problem as a result. Therefore, kindly resolve this issue as requested by the citizens.",Revenue Department,"Survey, Settlement and Land Records",Haddu Bastu Survey Scheme,Issues Related to Haddu Bastu Survey ,Measurement delayed,,Sakala,GADAG,Ron,ASUTI / Asuti,13/03/2025 03:51 PM,Resolved (Feedback Taken),,,L2,DDLR-1-Gadag,iPGRS-Call Center ,
230374,"The citizen reports that on October 7, 2024, he applied for the Haddu Bastu Survey Scheme, with application number 08021024653192. However, the measurement has not yet been completed and the survey has been delayed. The citizen is dealing with a serious problem as a result. Therefore, kindly resolve this issue as requested by the citizens.",Revenue Department,"Survey, Settlement and Land Records",Haddu Bastu Survey Scheme,Issues Related to Haddu Bastu Survey ,Measurement delayed,,Sakala,GADAG,Ron,ASUTI / Asuti,13/03/2025 03:50 PM,Resolved (Feedback Taken),,,L2,DDLR-1-Gadag,iPGRS-Call Center ,https://drive.google.com/file/d/1srMV2RZ6f-ez4QY6FPe_Jqt2gzpc0mGh/view?usp=sharing
230277,"CITIZEN SAYS THAT HE HAD APPLIED APPLICATION FOR HANDICAPPED PENSION ON 29/06/2017 AND APPLICATION NO: RD0038082101004, CITIZEN RECEIVED THE AMOUNT TILL DECEMBER 2023 THERE AFTER CITIZEN NOT RECEIVING THE PENSION AMOUNT, AS PER CITIZEN REQUEST KINDLY DO NEEDFUL",Revenue Department,Directorate of Social Security and Pensions,Pension for disabled persons,Issues related to Angavikalara Masashana Yojane / Physically Handicapped Pension Scheme,Issues related to Pension amount,pension Amount not received,Sakala,BENGALURU URBAN,YELAHANKA,,13/03/2025 11:39 AM,Resolved (Feedback Taken),,,L3,Deputy Commissioner-Bengaluru (U),iPGRS-Call Center ,https://drive.google.com/file/d/1ih5voiVpc259Co7VNgvvbw3Bk8o7p--m/view?usp=sharing
230247,CITIZEN SAYS THAT HE HA APPLIED FOR HANDICAPPED PENSION ON DATE  12/6/2023 AND THE APPLICATION NUMBER IS RD00381917980 HE IS NOT RECEIVING THE PENSION AMOUNT FROM PAST 2 MONTHS REGARDING THIS HE VISITED TO CONCERN DEPARTMENT BUT DID NOT GET ANY RESOLUTION AS PER CITIZEN REQUEST KINDLY DO THE NEEDFUL.,Revenue Department,Directorate of Social Security and Pensions,Pension for disabled persons,Issues related to Angavikalara Masashana Yojane / Physically Handicapped Pension Scheme,Issues related to Pension amount,pension Amount not received,Sakala,BENGALURU URBAN,Bengaluru North,,13/03/2025 10:24 AM,Resolved (Feedback Taken),,,LMF,Tahsildar-Grade 1-Bengaluru North,iPGRS-Call Center ,https://drive.google.com/file/d/1X3kEv5RWukjg_8Y6PP7rfRoQe8TfcVx7/view?usp=sharing
230135,"The citizen states that he applied for RTC/PAHANI for Survey No. 93/5B on JAN 2, 2025 his application number isRRTCR208202425,RRTCR569202425 . However, as of right now, he has not received RTC/PAHANI about this matter. The concerned department was visited by the citizen, however they did not respond appropriately to their request. Please take the necessary action.",Revenue Department,Revenue department ( Land related  Issues ), RTC/Pahani,Issues Related to RTC/Pahani,Issues related to application processing,Delay in processing of application,Non Sakala,DAVANGERE,Channagiri,MALAHALU / Malahalu,12/03/2025 02:09 PM,Resolved (Feedback Taken),,,LMF,Tahsildar-Grade 1-Channagiri,iPGRS-Call Center ,https://drive.google.com/file/d/10FcCF0VOlS0xojDfjkqnxjNK10iJkskH/view?usp=sharing
230117,CITIZEN SAYS THAT HE HAD APPLIED FOR  OLD AGE PENSION SCHEME ON THE DATE OF 4TH DECEMBER  AND THE APPLICATION NUMBER IS RD1218850033063 . BUT FROM JAN 2025 HE HAS NOT RECEIVED THE PENSION AMOUNT. AS PER CITIZEN REQUEST KINDLY DO THE NEEDFUL,Revenue Department,Directorate of Social Security and Pensions, Old-Age Schemes,Issues related to Indira Gandhi Rashtriya Vriddhapaya Yojane/Indira Gandhi National Old Age Pension Scheme,Issues related to Pension amount,pension Amount not received,Sakala,DAKSHINA KANNADA,Mangaluru,,12/03/2025 01:17 PM,Closed by Officer,,,LMF,Tahsildar-Grade 1-Mangaluru,iPGRS-Call Center ,https://drive.google.com/file/d/167TuFin_9H3xZmRdFMe5rvdI7lGWiqEa/view?usp=sharing
230045,CITIZEN SAYS THAT HE HAD APPLIED FOR CASTE AND INCOME CERTIFICATE IN THE MONTH OF 20/02/2025 AND THE APPLICATION NUMBER RD1218495029101 BUT APPLICATION HAS BEEN REJECTED EVEN AFTER APPLYING 2 TIMES AND OFFICER REJECTED THE APPLICATION REGARDING THIS CITIZEN ENQUIRER IN RESPECTED DEPARTMENT BUT THERE IS NO RESPONSE FROM TAHSILDAR THEIR END KINDLY DO THE NEED FULLNESS,Revenue Department,Revenue Department(AJSK Services), Caste and Income Certficate,Facing issues pertaining to Caste & Income certificate,"Applied for certificate, received the RD number but the application is rejected",,Sakala,MYSURU,Heggadadevankote,HEBBALAGUPPE / Boppanahalli,12/03/2025 09:25 AM,Resolved (Feedback Taken),,,L3,Tahsildar-Grade 1-Heggadadevankote,iPGRS-Call Center ,https://drive.google.com/file/d/1V_hQZJZgNTC57kNvrQYn7I0jV24Xw9rT/view?usp=sharing
229717,Citizen reports that he had applied for the EC application on the date 04/03/2025 and application number is  ECC-04032025-11203308 but application not yet processed still its in pending please do the needful.,Revenue Department,Department of Stamps and Registration,Encumbrance Certificate and Certified Copies (Computer),Issues related to Encumbrance Certificate and Certified Copies (Computer),Issues related to application processing,Delay in Giving EC/CC,Non Sakala,MYSURU,Mysuru,,10/03/2025 12:54 PM,Resolved (Feedback Taken),,,LMF,Sub-Registrar-MYSURU (NORTH),iPGRS-Call Center ,https://drive.google.com/file/d/1vGfQLk2CnTLNkSCuu5ab4CXU1rG42sB3/view?usp=sharing
229709,"The citizen states that he applied for RTC/PAHANI for Survey No. 93/5B on JAN 2 2025; his application number is RRTCR208,RRTCR569 2024-25. However, as of right now, he has not received RTC/PAHANI about this matter. The concerned department was visited by the citizen, however they did not respond appropriately to their request. Please take the necessary action.",Revenue Department,Revenue department ( Land related  Issues ), RTC/Pahani,Issues Related to RTC/Pahani,Issues related to application processing,Delay in processing of application,Non Sakala,DAVANGERE,Channagiri,MALAHALU / Malahalu,10/03/2025 12:18 PM,Resolved (Feedback Taken),,,LMF,Tahsildar-Grade 1-Channagiri,iPGRS-Call Center ,https://drive.google.com/file/d/1nEn5sTYlMlUfqsJGDtFCN04BzMbM0HTX/view?usp=sharing
229699,"CITIZEN SAYS THAT THEY APPLIED FOR ABOVE MENTIONED SERVICES IN KAVERI PORTAL ON 04-03-2025 APPLICATION NUMBER: ECC04032025-11247663
APPLICATION NOT YET APPROVED FROM SRO THEY VISITED TO CONCERN DEPARTMENT BUT NO ANY RESPONSE PLEASE DO THE NEEDFUL.",Revenue Department,Department of Stamps and Registration,Encumbrance Certificate and Certified Copies (Computer),Issues related to Encumbrance Certificate and Certified Copies (Computer),Issues related to application processing,Certificate Not Received,Non Sakala,TUMAKURU,Tumakuru,,10/03/2025 11:51 AM,Resolved (Feedback Taken),,,L2,District Registrar-Tumkur,iPGRS-Call Center ,https://drive.google.com/file/d/1tHxiwy_BEUyasLWFjwqXik50GxCUY8E_/view?usp=sharing
229511,CITIZEN SAYS THAT HE APPLIED FOR EC WITH APPLICATION NO ECC28022025-11064088 APPLIED ON 28/2/2025 BUT STILL HE HAS NOT RECEIVED THE EC HE ALSO VISITED THE DEPARTMENT BUT DIDN'T GET ANY  RESPONSE PROPERLY SO KINDLY PROVIDE THE SOLUTION AND DO THE NEEDFUL,Revenue Department,Department of Stamps and Registration,Encumbrance Certificate and Certified Copies (Computer),Issues related to Encumbrance Certificate and Certified Copies (Computer),Issues related to application processing,Certificate Not Received,Non Sakala,TUMAKURU,Tiptur,,08/03/2025 12:51 PM,Resolved (Feedback Taken),,,L2,District Registrar-Tumkur,iPGRS-Call Center ,https://drive.google.com/file/d/15eY0D1sYbvT3jBmTRTg9nvLCphU_daxg/view?usp=sharing
229352,CITIZEN SAYS THAT SHE HAD APPLIED FOR INDIRA GANDHI OLD AGE SCHEME PENSION ON DATE 25/07/2024 AND THE APPLICATION NUMBER IS RD1218190044144 SHE IS NOT RECEIVING PENSION AMOUNT FROM PAST 8 MONTHS REGARDING THIS ISSUE. HE VISITED TO CONCERN DEPARTMENT BUT DID NOT GET ANY RESOLUTION AS PER CITIZEN REQUEST KINDLY DO THE NEED FULL.,Revenue Department,Directorate of Social Security and Pensions, Old-Age Schemes,Issues related to Indira Gandhi Rashtriya Vriddhapaya Yojane/Indira Gandhi National Old Age Pension Scheme,Issues related to Pension amount,pension Amount not received,Sakala,BENGALURU URBAN,Bengaluru North,,07/03/2025 01:07 PM,Registered & Sent for Scrutiny,5.0,,LMF,Tahsildar-Grade 1-Bengaluru North,iPGRS-Call Center ,
229333,CITIZEN SAYS THAT SHE HAD APPLIED FOR INDIRA GANDHI OLD AGE SCHEME PENSION ON DATE 25/07/2024 AND THE APPLICATION NUMBER IS RD1218190044148 SHE IS NOT RECEIVING PENSION AMOUNT FROM PAST 8 MONTHS REGARDING THIS ISSUE. HE VISITED TO CONCERN DEPARTMENT BUT DID NOT GET ANY RESOLUTION AS PER CITIZEN REQUEST KINDLY DO THE NEED FULL.,Revenue Department,Directorate of Social Security and Pensions, Old-Age Schemes,Issues related to Indira Gandhi Rashtriya Vriddhapaya Yojane/Indira Gandhi National Old Age Pension Scheme,Issues related to Pension amount,pension Amount not received,Sakala,BENGALURU URBAN,Bengaluru North,,07/03/2025 11:23 AM,Registered & Sent for Scrutiny,5.0,,LMF,Tahsildar-Grade 1-Bengaluru North,iPGRS-Call Center ,
229151,"CITIZEN SAYS THAT HE HAD APPLIED FOR THE 11E SKETCH ON THE DATE-02/11/2023 AND APPLICATION NUMBER-14061123726239(SURVEY NUMBER-90), BUT STILL THE  MEASUREMENT HAS NOT BEEN DONE AND HE DID NOT RECEIVED THE CERTIFICATE FROM THE DEPARTMENT REGARDING THIS ISSUE HE VISITED THE CONCERN DEPARTMENT BUT THERE IS NO PROPER RESPONSE FROM THEM, AS PER CITIZEN REQUEST KINDLY DO NEEDFUL  ",Revenue Department,"Survey, Settlement and Land Records",11e( Premutation sketch),Issues related to 11E Sketch ,Measurement not done,,Sakala,DAVANGERE,Channagiri,HIREMALALI / N.CHIRADONI,06/03/2025 11:27 AM,Resolved (Feedback Taken),,,L3,RJDLR-3-BENGALURU,iPGRS-Call Center ,https://drive.google.com/file/d/1GVeQqyCWvNsKZT0te0pw9ReOB0kChZgf/view?usp=sharing
229030,"CITIZEN SAYS THAT HE HAD APPLIED APPLICATION FOR TATKAL PODI ON 27TH JANUARY 2025 AND THE APPLICATION NO: 13060125540262 AND 13060125540322 (SURVEY NO: (/222/5, 222/6), BUT STILL APPLICATION NOT YET PROCESSED REGARDING THIS ISSUE HE HAD VISITED TO CONCERNED DEPARTMENT BUT NO PROPER RESPONSE FROM THEM AS PER CITIZEN REQUEST KINDLY DO NEEDFUL  
",Revenue Department,"Survey, Settlement and Land Records",Tatkal podi,Issues related to Application Processing,,,Sakala,CHITRADURGA,Hiriyur,HARTHIKOTE / CHANNAMMANAHAALI,05/03/2025 02:31 PM,Resolved (Feedback Taken),,,LMF,ADLR  (Taluk)-Hiriyur,iPGRS-Call Center ,https://drive.google.com/file/d/1z_K8vjF2VUg9InSVCcfS9YGmK5EFQOGt/view?usp=sharing
228696,"The citizen states that he applied for RTC/PAHANI for Survey No. 93/5B on JAN 2 2025; his application number is RRTCR208RRTCR569202425. However, as of right now, he has not received RTC/PAHANI about this matter. The concerned department was visited by the citizen, however they did not respond appropriately to their request. Please take the necessary action.",Revenue Department,Revenue department ( Land related  Issues ), RTC/Pahani,Issues Related to RTC/Pahani,Issues related to application processing,Delay in processing of application,Non Sakala,DAVANGERE,Channagiri,MALAHALU / Malahalu,03/03/2025 11:59 AM,Resolved (Feedback Taken),,,LMF,Tahsildar-Grade 1-Channagiri,iPGRS-Call Center ,https://drive.google.com/file/d/1N9f9aYZkIL8MR5pSZTCD0RVgvKtR3PDo/view?usp=sharing
228495,"Citizen reports that he had applied for Residential certificate  on 26/10/2023 and application number is RD1218187009713, citizen submitted all the required documents but application not yet received , please do the needful.
",Revenue Department,Revenue Department(AJSK Services),Residence Certificate,Facing issues pertaining to Residence certificate,Did not receive the certificate from the authority after application is approved,,Sakala,BENGALURU URBAN,Bengaluru North,,01/03/2025 02:44 PM,InProcess,,77.0,L3,Tahsildar-Grade 1-Bengaluru North,iPGRS-Call Center ,https://drive.google.com/file/d/1IkNb4MGFdfNDK3WMYQuXSlzJ_HBZ1pQM/view?usp=sharing
228441,CITIZEN SAYS THAT THEY APPLIED FOR HINDU MARRIAGE CERTIFICATE IN KAVERI PORTAL ON 15-02-2025 APPLICATION NUMBER:MRG150220250466998 APPLICATION NOT YET PROCESSED THEY VISITED TO CONCERN DEPARTMENT BUT NO ANY RESPONSE PLEASE DO THE NEEDFUL ,Revenue Department,Department of Stamps and Registration,Registration of Marriage,Issues related to Hindu Marriage  certificate,Issues related to application processing,Delay in Giving  Marriage Certificate,Non Sakala,BENGALURU URBAN,Bengaluru North,Ward No.76 (Gayithri Nagar),01/03/2025 01:11 PM,Resolved (Feedback Taken),,,L3,Deputy Inspector General of Registration-Karnataka,iPGRS-Call Center ,
228331,"The citizen reports that he is experiencing trouble receiving RTC Pahani. He states his application number, E1178655, as of May 21, 2024. .He wants to change his land survey number from 20 to 146. He claims that he has submitted all necessary documents, such as his mutation and rights of records, but the department has not responded as expected. Please be aware that this grievance has already been registered; the grievance ID is 216074 However, the resolution letter that was provided did not take effect, and the officer is taking their time in providing RTC Pahani.",Revenue Department,Revenue department ( Land related  Issues ), RTC/Pahani,Issues Related to RTC/Pahani,Issues related to application processing,Issues related to correction of RTC as per law (Name/Survey Number) except Govt. Land,Non Sakala,HASSAN,Channarayapatna,,01/03/2025 11:32 AM,Resolved (Feedback Taken),,,L3,Deputy Commissioner-Hassan,iPGRS-Call Center ,https://drive.google.com/file/d/1VJ4O0WHnx0vnLifj8BRbYLj7MYdfRweE/view?usp=sharing
228308,"Citizen reports that he had applied for Family tree application applied on 16/11/2023 and application number is RD0038187223231, citizen submitted all the required documents but application rejected, please do the needful.
",Revenue Department,Revenue Department(AJSK Services), Attestation of Family Tree Certificate,Facing issues pertaining to Attestation of Family Tree,Application rejected on unfair grounds,,Sakala,BENGALURU URBAN,Bengaluru North,,01/03/2025 10:44 AM,InProcess,,77.0,L3,Tahsildar-Grade 1-Bengaluru North,iPGRS-Call Center ,https://drive.google.com/file/d/10SQ5D4NN5IWCKeSD-m9ibO9JorAiAyN4/view?usp=sharing
228307," Citizen reports that he had applied for Family tree application applied on 26/10/2023  and application number is RD0038187223233, citizen submitted all the required documents but application rejected, please do the needful.",Revenue Department,Revenue Department(AJSK Services), Attestation of Family Tree Certificate,Facing issues pertaining to Attestation of Family Tree,Application rejected on unfair grounds,,Sakala,BENGALURU URBAN,Bengaluru North,,01/03/2025 10:38 AM,InProcess,,77.0,L3,Tahsildar-Grade 1-Bengaluru North,iPGRS-Call Center ,https://drive.google.com/file/d/1v0L1OkP2bBr8QMLAmqJ7nVzX9r38m4_C/view?usp=sharing
228301,"The citizen states that they submitted an application with application number ""26151223998159"" for a simple land mutation on December 2024.  Despite having survey number 293, they have not yet benefited from that plan.Regarding this issue, the citizen visited the concerned department but did not receive a resolution. kindly take the necessary action. ",Revenue Department,UPOR,UPOR Certificate,Issues related to UPOR Certificate,Delay in issue of UPOR Certificate,,Non Sakala,MYSURU,Mysuru,,01/03/2025 09:34 AM,Resolved (Feedback Taken),,,LMF,Project Officer-MYSURU,iPGRS-Call Center ,https://drive.google.com/file/d/1fXg9FjIzF6ApyhfpgEHXx6_JYVOnNuKV/view?usp=sharing
